{
  "urls": [
    "assets/audio/audiosprite.ogg",
    "assets/audio/audiosprite.m4a",
    "assets/audio/audiosprite.mp3",
    "assets/audio/audiosprite.ac3"
  ],
  "sprite": {
    "welcome": [
      0,
      7012.426303854875
    ],
    "shapeofyou": [
      9000,
      5414.784580498866
    ],
    "cantholdus": [
      16000,
      16375.0566893424
    ],
    "levels": [
      34000,
      14407.981859410427
    ]
  }
}